[
  {
    "id": 1,
    "name": "Shimla",
    "region": "Lower HP",
    "short": "Colonial hill-station, Mall Road & Ridge",
    "img": "https://images.unsplash.com/photo-1508672019048-805c876b67e2?q=80&w=1600&auto=format&fit=crop&ixlib=rb-4.0.3&s=shimla",
    "img_sm": "https://images.unsplash.com/photo-1508672019048-805c876b67e2?q=80&w=800&auto=format&fit=crop&ixlib=rb-4.0.3&s=shimla"
  },
  {
    "id": 2,
    "name": "Manali",
    "region": "Kullu Valley",
    "short": "Adventure, Solang Valley, Rohtang",
    "img": "https://images.unsplash.com/photo-1549880338-65ddcdfd017b?q=80&w=1600&auto=format&fit=crop&ixlib=rb-4.0.3&s=manali",
    "img_sm": "https://images.unsplash.com/photo-1549880338-65ddcdfd017b?q=80&w=800&auto=format&fit=crop&ixlib=rb-4.0.3&s=manali"
  },
  {
    "id": 3,
    "name": "Dharamshala",
    "region": "Kangra",
    "short": "Tibetan culture & spiritual hub",
    "img": "https://images.unsplash.com/photo-1526481280698-3bfa7568f9d3?q=80&w=1600&auto=format&fit=crop&ixlib=rb-4.0.3&s=dharamshala",
    "img_sm": "https://images.unsplash.com/photo-1526481280698-3bfa7568f9d3?q=80&w=800&auto=format&fit=crop&ixlib=rb-4.0.3&s=dharamshala"
  },
  {
    "id": 4,
    "name": "Kullu",
    "region": "Kullu Valley",
    "short": "Valley, Dussehra festival",
    "img": "https://images.unsplash.com/photo-1500530855697-b586d89ba3ee?q=80&w=1600&auto=format&fit=crop&ixlib=rb-4.0.3&s=kullu",
    "img_sm": "https://images.unsplash.com/photo-1500530855697-b586d89ba3ee?q=80&w=800&auto=format&fit=crop&ixlib=rb-4.0.3&s=kullu"
  },
  {
    "id": 5,
    "name": "Spiti Valley",
    "region": "Lahaul & Spiti",
    "short": "High-altitude deserts & monasteries",
    "img": "https://images.unsplash.com/photo-1501785888041-af3ef285b470?q=80&w=1600&auto=format&fit=crop&ixlib=rb-4.0.3&s=spiti",
    "img_sm": "https://images.unsplash.com/photo-1501785888041-af3ef285b470?q=80&w=800&auto=format&fit=crop&ixlib=rb-4.0.3&s=spiti"
  },
  {
    "id": 6,
    "name": "Dalhousie",
    "region": "Chamba",
    "short": "Victorian hill-town & scenic views",
    "img": "https://images.unsplash.com/photo-1520058916885-8f2f5f6a5f25?q=80&w=1600&auto=format&fit=crop&ixlib=rb-4.0.3&s=dalhousie",
    "img_sm": "https://images.unsplash.com/photo-1520058916885-8f2f5f6a5f25?q=80&w=800&auto=format&fit=crop&ixlib=rb-4.0.3&s=dalhousie"
  }
]