[
  {
    "id": 1,
    "title": "Kullu Dussehra",
    "place": "Kullu",
    "date": "Annual (Sept/Oct)",
    "link": "https://hptdc.in/index.php/events/",
    "source": "https://hptdc.in/index.php/events/"
  },
  {
    "id": 2,
    "title": "Ice Skating Carnival",
    "place": "Shimla/Dalhousie",
    "date": "Dec-Feb",
    "link": "https://hptdc.in/index.php/events/",
    "source": "https://hptdc.in/index.php/events/"
  },
  {
    "id": 3,
    "title": "Halda Festival",
    "place": "Various",
    "date": "Jan-Feb",
    "link": "https://himachaltourism.gov.in/fairs-fests/",
    "source": "https://himachaltourism.gov.in/fairs-fests/"
  },
  {
    "id": 4,
    "title": "Himachal Winter Carnival / Christmas & New Year",
    "place": "Statewide",
    "date": "25 Dec - 31 Dec",
    "link": "https://hptdc.in/index.php/events/",
    "source": "https://hptdc.in/index.php/events/"
  }
]