[
  {
    "id": 1,
    "title": "Draft Himachal Pradesh Home Stay Rules, 2025",
    "date": "2025-04-03",
    "link": "https://himachaltourism.gov.in/calendar-of-events/",
    "source": "https://himachaltourism.gov.in/calendar-of-events/"
  },
  {
    "id": 2,
    "title": "Active Tenders & Notifications",
    "date": "2024-08-17",
    "link": "https://himachaltourism.gov.in/notifications/",
    "source": "https://himachaltourism.gov.in/notifications/"
  },
  {
    "id": 3,
    "title": "HPTDC Trade Test / Vacancies",
    "date": "2023-09-26",
    "link": "https://hptdc.in/index.php/vacancies/",
    "source": "https://hptdc.in/index.php/vacancies/"
  }
]